,title,season,episode,url,seid
0,Cheers,01,01,view_episode_scripts.php?tv-show=cheers&episode=s01e01,s01e01
1,Cheers,01,02,view_episode_scripts.php?tv-show=cheers&episode=s01e02,s01e02
2,Cheers,01,03,view_episode_scripts.php?tv-show=cheers&episode=s01e03,s01e03
3,Cheers,01,04,view_episode_scripts.php?tv-show=cheers&episode=s01e04,s01e04
4,Cheers,01,05,view_episode_scripts.php?tv-show=cheers&episode=s01e05,s01e05
5,Cheers,01,06,view_episode_scripts.php?tv-show=cheers&episode=s01e06,s01e06
6,Cheers,01,07,view_episode_scripts.php?tv-show=cheers&episode=s01e07,s01e07
7,Cheers,01,08,view_episode_scripts.php?tv-show=cheers&episode=s01e08,s01e08
8,Cheers,01,09,view_episode_scripts.php?tv-show=cheers&episode=s01e09,s01e09
9,Cheers,01,10,view_episode_scripts.php?tv-show=cheers&episode=s01e10,s01e10
10,Cheers,01,11,view_episode_scripts.php?tv-show=cheers&episode=s01e11,s01e11
11,Cheers,01,12,view_episode_scripts.php?tv-show=cheers&episode=s01e12,s01e12
12,Cheers,01,13,view_episode_scripts.php?tv-show=cheers&episode=s01e13,s01e13
13,Cheers,01,14,view_episode_scripts.php?tv-show=cheers&episode=s01e14,s01e14
14,Cheers,01,15,view_episode_scripts.php?tv-show=cheers&episode=s01e15,s01e15
15,Cheers,01,16,view_episode_scripts.php?tv-show=cheers&episode=s01e16,s01e16
16,Cheers,01,17,view_episode_scripts.php?tv-show=cheers&episode=s01e17,s01e17
17,Cheers,01,18,view_episode_scripts.php?tv-show=cheers&episode=s01e18,s01e18
18,Cheers,01,19,view_episode_scripts.php?tv-show=cheers&episode=s01e19,s01e19
19,Cheers,01,20,view_episode_scripts.php?tv-show=cheers&episode=s01e20,s01e20
20,Cheers,01,21,view_episode_scripts.php?tv-show=cheers&episode=s01e21,s01e21
21,Cheers,01,22,view_episode_scripts.php?tv-show=cheers&episode=s01e22,s01e22
22,Cheers,02,01,view_episode_scripts.php?tv-show=cheers&episode=s02e01,s02e01
23,Cheers,02,02,view_episode_scripts.php?tv-show=cheers&episode=s02e02,s02e02
24,Cheers,02,03,view_episode_scripts.php?tv-show=cheers&episode=s02e03,s02e03
25,Cheers,02,04,view_episode_scripts.php?tv-show=cheers&episode=s02e04,s02e04
26,Cheers,02,05,view_episode_scripts.php?tv-show=cheers&episode=s02e05,s02e05
27,Cheers,02,06,view_episode_scripts.php?tv-show=cheers&episode=s02e06,s02e06
28,Cheers,02,07,view_episode_scripts.php?tv-show=cheers&episode=s02e07,s02e07
29,Cheers,02,08,view_episode_scripts.php?tv-show=cheers&episode=s02e08,s02e08
30,Cheers,02,09,view_episode_scripts.php?tv-show=cheers&episode=s02e09,s02e09
31,Cheers,02,10,view_episode_scripts.php?tv-show=cheers&episode=s02e10,s02e10
32,Cheers,02,11,view_episode_scripts.php?tv-show=cheers&episode=s02e11,s02e11
33,Cheers,02,12,view_episode_scripts.php?tv-show=cheers&episode=s02e12,s02e12
34,Cheers,02,13,view_episode_scripts.php?tv-show=cheers&episode=s02e13,s02e13
35,Cheers,02,14,view_episode_scripts.php?tv-show=cheers&episode=s02e14,s02e14
36,Cheers,02,15,view_episode_scripts.php?tv-show=cheers&episode=s02e15,s02e15
37,Cheers,02,16,view_episode_scripts.php?tv-show=cheers&episode=s02e16,s02e16
38,Cheers,02,17,view_episode_scripts.php?tv-show=cheers&episode=s02e17,s02e17
39,Cheers,02,18,view_episode_scripts.php?tv-show=cheers&episode=s02e18,s02e18
40,Cheers,02,19,view_episode_scripts.php?tv-show=cheers&episode=s02e19,s02e19
41,Cheers,02,20,view_episode_scripts.php?tv-show=cheers&episode=s02e20,s02e20
42,Cheers,02,21,view_episode_scripts.php?tv-show=cheers&episode=s02e21,s02e21
43,Cheers,02,22,view_episode_scripts.php?tv-show=cheers&episode=s02e22,s02e22
44,Cheers,03,01,view_episode_scripts.php?tv-show=cheers&episode=s03e01,s03e01
45,Cheers,03,02,view_episode_scripts.php?tv-show=cheers&episode=s03e02,s03e02
46,Cheers,03,03,view_episode_scripts.php?tv-show=cheers&episode=s03e03,s03e03
47,Cheers,03,04,view_episode_scripts.php?tv-show=cheers&episode=s03e04,s03e04
48,Cheers,03,05,view_episode_scripts.php?tv-show=cheers&episode=s03e05,s03e05
49,Cheers,03,06,view_episode_scripts.php?tv-show=cheers&episode=s03e06,s03e06
50,Cheers,03,07,view_episode_scripts.php?tv-show=cheers&episode=s03e07,s03e07
51,Cheers,03,08,view_episode_scripts.php?tv-show=cheers&episode=s03e08,s03e08
52,Cheers,03,09,view_episode_scripts.php?tv-show=cheers&episode=s03e09,s03e09
53,Cheers,03,10,view_episode_scripts.php?tv-show=cheers&episode=s03e10,s03e10
54,Cheers,03,11,view_episode_scripts.php?tv-show=cheers&episode=s03e11,s03e11
55,Cheers,03,12,view_episode_scripts.php?tv-show=cheers&episode=s03e12,s03e12
56,Cheers,03,13,view_episode_scripts.php?tv-show=cheers&episode=s03e13,s03e13
57,Cheers,03,14,view_episode_scripts.php?tv-show=cheers&episode=s03e14,s03e14
58,Cheers,03,15,view_episode_scripts.php?tv-show=cheers&episode=s03e15,s03e15
59,Cheers,03,16,view_episode_scripts.php?tv-show=cheers&episode=s03e16,s03e16
60,Cheers,03,17,view_episode_scripts.php?tv-show=cheers&episode=s03e17,s03e17
61,Cheers,03,18,view_episode_scripts.php?tv-show=cheers&episode=s03e18,s03e18
62,Cheers,03,19,view_episode_scripts.php?tv-show=cheers&episode=s03e19,s03e19
63,Cheers,03,20,view_episode_scripts.php?tv-show=cheers&episode=s03e20,s03e20
64,Cheers,03,21,view_episode_scripts.php?tv-show=cheers&episode=s03e21,s03e21
65,Cheers,03,22,view_episode_scripts.php?tv-show=cheers&episode=s03e22,s03e22
66,Cheers,03,23,view_episode_scripts.php?tv-show=cheers&episode=s03e23,s03e23
67,Cheers,03,24,view_episode_scripts.php?tv-show=cheers&episode=s03e24,s03e24
68,Cheers,03,25,view_episode_scripts.php?tv-show=cheers&episode=s03e25,s03e25
69,Cheers,04,01,view_episode_scripts.php?tv-show=cheers&episode=s04e01,s04e01
70,Cheers,04,02,view_episode_scripts.php?tv-show=cheers&episode=s04e02,s04e02
71,Cheers,04,03,view_episode_scripts.php?tv-show=cheers&episode=s04e03,s04e03
72,Cheers,04,04,view_episode_scripts.php?tv-show=cheers&episode=s04e04,s04e04
73,Cheers,04,05,view_episode_scripts.php?tv-show=cheers&episode=s04e05,s04e05
74,Cheers,04,06,view_episode_scripts.php?tv-show=cheers&episode=s04e06,s04e06
75,Cheers,04,07,view_episode_scripts.php?tv-show=cheers&episode=s04e07,s04e07
76,Cheers,04,08,view_episode_scripts.php?tv-show=cheers&episode=s04e08,s04e08
77,Cheers,04,09,view_episode_scripts.php?tv-show=cheers&episode=s04e09,s04e09
78,Cheers,04,10,view_episode_scripts.php?tv-show=cheers&episode=s04e10,s04e10
79,Cheers,04,11,view_episode_scripts.php?tv-show=cheers&episode=s04e11,s04e11
80,Cheers,04,12,view_episode_scripts.php?tv-show=cheers&episode=s04e12,s04e12
81,Cheers,04,13,view_episode_scripts.php?tv-show=cheers&episode=s04e13,s04e13
82,Cheers,04,14,view_episode_scripts.php?tv-show=cheers&episode=s04e14,s04e14
83,Cheers,04,15,view_episode_scripts.php?tv-show=cheers&episode=s04e15,s04e15
84,Cheers,04,16,view_episode_scripts.php?tv-show=cheers&episode=s04e16,s04e16
85,Cheers,04,17,view_episode_scripts.php?tv-show=cheers&episode=s04e17,s04e17
86,Cheers,04,18,view_episode_scripts.php?tv-show=cheers&episode=s04e18,s04e18
87,Cheers,04,19,view_episode_scripts.php?tv-show=cheers&episode=s04e19,s04e19
88,Cheers,04,20,view_episode_scripts.php?tv-show=cheers&episode=s04e20,s04e20
89,Cheers,04,21,view_episode_scripts.php?tv-show=cheers&episode=s04e21,s04e21
90,Cheers,04,22,view_episode_scripts.php?tv-show=cheers&episode=s04e22,s04e22
91,Cheers,04,23,view_episode_scripts.php?tv-show=cheers&episode=s04e23,s04e23
92,Cheers,04,24,view_episode_scripts.php?tv-show=cheers&episode=s04e24,s04e24
93,Cheers,04,25,view_episode_scripts.php?tv-show=cheers&episode=s04e25,s04e25
94,Cheers,04,26,view_episode_scripts.php?tv-show=cheers&episode=s04e26,s04e26
95,Cheers,05,01,view_episode_scripts.php?tv-show=cheers&episode=s05e01,s05e01
96,Cheers,05,02,view_episode_scripts.php?tv-show=cheers&episode=s05e02,s05e02
97,Cheers,05,03,view_episode_scripts.php?tv-show=cheers&episode=s05e03,s05e03
98,Cheers,05,04,view_episode_scripts.php?tv-show=cheers&episode=s05e04,s05e04
99,Cheers,05,05,view_episode_scripts.php?tv-show=cheers&episode=s05e05,s05e05
100,Cheers,05,06,view_episode_scripts.php?tv-show=cheers&episode=s05e06,s05e06
101,Cheers,05,07,view_episode_scripts.php?tv-show=cheers&episode=s05e07,s05e07
102,Cheers,05,08,view_episode_scripts.php?tv-show=cheers&episode=s05e08,s05e08
103,Cheers,05,09,view_episode_scripts.php?tv-show=cheers&episode=s05e09,s05e09
104,Cheers,05,10,view_episode_scripts.php?tv-show=cheers&episode=s05e10,s05e10
105,Cheers,05,11,view_episode_scripts.php?tv-show=cheers&episode=s05e11,s05e11
106,Cheers,05,12,view_episode_scripts.php?tv-show=cheers&episode=s05e12,s05e12
107,Cheers,05,13,view_episode_scripts.php?tv-show=cheers&episode=s05e13,s05e13
108,Cheers,05,14,view_episode_scripts.php?tv-show=cheers&episode=s05e14,s05e14
109,Cheers,05,15,view_episode_scripts.php?tv-show=cheers&episode=s05e15,s05e15
110,Cheers,05,16,view_episode_scripts.php?tv-show=cheers&episode=s05e16,s05e16
111,Cheers,05,17,view_episode_scripts.php?tv-show=cheers&episode=s05e17,s05e17
112,Cheers,05,18,view_episode_scripts.php?tv-show=cheers&episode=s05e18,s05e18
113,Cheers,05,19,view_episode_scripts.php?tv-show=cheers&episode=s05e19,s05e19
114,Cheers,05,20,view_episode_scripts.php?tv-show=cheers&episode=s05e20,s05e20
115,Cheers,05,21,view_episode_scripts.php?tv-show=cheers&episode=s05e21,s05e21
116,Cheers,05,22,view_episode_scripts.php?tv-show=cheers&episode=s05e22,s05e22
117,Cheers,05,23,view_episode_scripts.php?tv-show=cheers&episode=s05e23,s05e23
118,Cheers,05,24,view_episode_scripts.php?tv-show=cheers&episode=s05e24,s05e24
119,Cheers,05,25,view_episode_scripts.php?tv-show=cheers&episode=s05e25,s05e25
120,Cheers,05,26,view_episode_scripts.php?tv-show=cheers&episode=s05e26,s05e26
121,Cheers,06,01,view_episode_scripts.php?tv-show=cheers&episode=s06e01,s06e01
122,Cheers,06,02,view_episode_scripts.php?tv-show=cheers&episode=s06e02,s06e02
123,Cheers,06,03,view_episode_scripts.php?tv-show=cheers&episode=s06e03,s06e03
124,Cheers,06,04,view_episode_scripts.php?tv-show=cheers&episode=s06e04,s06e04
125,Cheers,06,05,view_episode_scripts.php?tv-show=cheers&episode=s06e05,s06e05
126,Cheers,06,06,view_episode_scripts.php?tv-show=cheers&episode=s06e06,s06e06
127,Cheers,06,07,view_episode_scripts.php?tv-show=cheers&episode=s06e07,s06e07
128,Cheers,06,08,view_episode_scripts.php?tv-show=cheers&episode=s06e08,s06e08
129,Cheers,06,09,view_episode_scripts.php?tv-show=cheers&episode=s06e09,s06e09
130,Cheers,06,10,view_episode_scripts.php?tv-show=cheers&episode=s06e10,s06e10
131,Cheers,06,11,view_episode_scripts.php?tv-show=cheers&episode=s06e11,s06e11
132,Cheers,06,12,view_episode_scripts.php?tv-show=cheers&episode=s06e12,s06e12
133,Cheers,06,13,view_episode_scripts.php?tv-show=cheers&episode=s06e13,s06e13
134,Cheers,06,14,view_episode_scripts.php?tv-show=cheers&episode=s06e14,s06e14
135,Cheers,06,15,view_episode_scripts.php?tv-show=cheers&episode=s06e15,s06e15
136,Cheers,06,16,view_episode_scripts.php?tv-show=cheers&episode=s06e16,s06e16
137,Cheers,06,17,view_episode_scripts.php?tv-show=cheers&episode=s06e17,s06e17
138,Cheers,06,18,view_episode_scripts.php?tv-show=cheers&episode=s06e18,s06e18
139,Cheers,06,19,view_episode_scripts.php?tv-show=cheers&episode=s06e19,s06e19
140,Cheers,06,20,view_episode_scripts.php?tv-show=cheers&episode=s06e20,s06e20
141,Cheers,06,21,view_episode_scripts.php?tv-show=cheers&episode=s06e21,s06e21
142,Cheers,06,22,view_episode_scripts.php?tv-show=cheers&episode=s06e22,s06e22
143,Cheers,06,23,view_episode_scripts.php?tv-show=cheers&episode=s06e23,s06e23
144,Cheers,06,24,view_episode_scripts.php?tv-show=cheers&episode=s06e24,s06e24
145,Cheers,06,25,view_episode_scripts.php?tv-show=cheers&episode=s06e25,s06e25
146,Cheers,07,01,view_episode_scripts.php?tv-show=cheers&episode=s07e01,s07e01
147,Cheers,07,02,view_episode_scripts.php?tv-show=cheers&episode=s07e02,s07e02
148,Cheers,07,04,view_episode_scripts.php?tv-show=cheers&episode=s07e04,s07e04
149,Cheers,07,05,view_episode_scripts.php?tv-show=cheers&episode=s07e05,s07e05
150,Cheers,07,07,view_episode_scripts.php?tv-show=cheers&episode=s07e07,s07e07
151,Cheers,07,09,view_episode_scripts.php?tv-show=cheers&episode=s07e09,s07e09
152,Cheers,07,10,view_episode_scripts.php?tv-show=cheers&episode=s07e10,s07e10
153,Cheers,07,11,view_episode_scripts.php?tv-show=cheers&episode=s07e11,s07e11
154,Cheers,07,12,view_episode_scripts.php?tv-show=cheers&episode=s07e12,s07e12
155,Cheers,07,13,view_episode_scripts.php?tv-show=cheers&episode=s07e13,s07e13
156,Cheers,07,14,view_episode_scripts.php?tv-show=cheers&episode=s07e14,s07e14
157,Cheers,07,15,view_episode_scripts.php?tv-show=cheers&episode=s07e15,s07e15
158,Cheers,07,17,view_episode_scripts.php?tv-show=cheers&episode=s07e17,s07e17
159,Cheers,07,19,view_episode_scripts.php?tv-show=cheers&episode=s07e19,s07e19
160,Cheers,07,20,view_episode_scripts.php?tv-show=cheers&episode=s07e20,s07e20
161,Cheers,07,21,view_episode_scripts.php?tv-show=cheers&episode=s07e21,s07e21
162,Cheers,08,01,view_episode_scripts.php?tv-show=cheers&episode=s08e01,s08e01
163,Cheers,08,02,view_episode_scripts.php?tv-show=cheers&episode=s08e02,s08e02
164,Cheers,08,03,view_episode_scripts.php?tv-show=cheers&episode=s08e03,s08e03
165,Cheers,08,04,view_episode_scripts.php?tv-show=cheers&episode=s08e04,s08e04
166,Cheers,08,05,view_episode_scripts.php?tv-show=cheers&episode=s08e05,s08e05
167,Cheers,08,06,view_episode_scripts.php?tv-show=cheers&episode=s08e06,s08e06
168,Cheers,08,07,view_episode_scripts.php?tv-show=cheers&episode=s08e07,s08e07
169,Cheers,08,08,view_episode_scripts.php?tv-show=cheers&episode=s08e08,s08e08
170,Cheers,08,09,view_episode_scripts.php?tv-show=cheers&episode=s08e09,s08e09
171,Cheers,08,10,view_episode_scripts.php?tv-show=cheers&episode=s08e10,s08e10
172,Cheers,08,11,view_episode_scripts.php?tv-show=cheers&episode=s08e11,s08e11
173,Cheers,08,12,view_episode_scripts.php?tv-show=cheers&episode=s08e12,s08e12
174,Cheers,08,13,view_episode_scripts.php?tv-show=cheers&episode=s08e13,s08e13
175,Cheers,08,14,view_episode_scripts.php?tv-show=cheers&episode=s08e14,s08e14
176,Cheers,08,15,view_episode_scripts.php?tv-show=cheers&episode=s08e15,s08e15
177,Cheers,08,16,view_episode_scripts.php?tv-show=cheers&episode=s08e16,s08e16
178,Cheers,08,17,view_episode_scripts.php?tv-show=cheers&episode=s08e17,s08e17
179,Cheers,08,18,view_episode_scripts.php?tv-show=cheers&episode=s08e18,s08e18
180,Cheers,08,19,view_episode_scripts.php?tv-show=cheers&episode=s08e19,s08e19
181,Cheers,08,20,view_episode_scripts.php?tv-show=cheers&episode=s08e20,s08e20
182,Cheers,08,21,view_episode_scripts.php?tv-show=cheers&episode=s08e21,s08e21
183,Cheers,08,22,view_episode_scripts.php?tv-show=cheers&episode=s08e22,s08e22
184,Cheers,08,23,view_episode_scripts.php?tv-show=cheers&episode=s08e23,s08e23
185,Cheers,08,24,view_episode_scripts.php?tv-show=cheers&episode=s08e24,s08e24
186,Cheers,08,25,view_episode_scripts.php?tv-show=cheers&episode=s08e25,s08e25
187,Cheers,08,26,view_episode_scripts.php?tv-show=cheers&episode=s08e26,s08e26
188,Cheers,09,01,view_episode_scripts.php?tv-show=cheers&episode=s09e01,s09e01
189,Cheers,09,02,view_episode_scripts.php?tv-show=cheers&episode=s09e02,s09e02
190,Cheers,09,03,view_episode_scripts.php?tv-show=cheers&episode=s09e03,s09e03
191,Cheers,09,04,view_episode_scripts.php?tv-show=cheers&episode=s09e04,s09e04
192,Cheers,09,05,view_episode_scripts.php?tv-show=cheers&episode=s09e05,s09e05
193,Cheers,09,06,view_episode_scripts.php?tv-show=cheers&episode=s09e06,s09e06
194,Cheers,09,07,view_episode_scripts.php?tv-show=cheers&episode=s09e07,s09e07
195,Cheers,09,08,view_episode_scripts.php?tv-show=cheers&episode=s09e08,s09e08
196,Cheers,09,10,view_episode_scripts.php?tv-show=cheers&episode=s09e10,s09e10
197,Cheers,09,11,view_episode_scripts.php?tv-show=cheers&episode=s09e11,s09e11
198,Cheers,09,12,view_episode_scripts.php?tv-show=cheers&episode=s09e12,s09e12
199,Cheers,09,13,view_episode_scripts.php?tv-show=cheers&episode=s09e13,s09e13
200,Cheers,09,14,view_episode_scripts.php?tv-show=cheers&episode=s09e14,s09e14
201,Cheers,09,15,view_episode_scripts.php?tv-show=cheers&episode=s09e15,s09e15
202,Cheers,09,16,view_episode_scripts.php?tv-show=cheers&episode=s09e16,s09e16
203,Cheers,09,17,view_episode_scripts.php?tv-show=cheers&episode=s09e17,s09e17
204,Cheers,09,18,view_episode_scripts.php?tv-show=cheers&episode=s09e18,s09e18
205,Cheers,09,19,view_episode_scripts.php?tv-show=cheers&episode=s09e19,s09e19
206,Cheers,09,20,view_episode_scripts.php?tv-show=cheers&episode=s09e20,s09e20
207,Cheers,09,21,view_episode_scripts.php?tv-show=cheers&episode=s09e21,s09e21
208,Cheers,09,22,view_episode_scripts.php?tv-show=cheers&episode=s09e22,s09e22
209,Cheers,09,23,view_episode_scripts.php?tv-show=cheers&episode=s09e23,s09e23
210,Cheers,09,24,view_episode_scripts.php?tv-show=cheers&episode=s09e24,s09e24
211,Cheers,09,25,view_episode_scripts.php?tv-show=cheers&episode=s09e25,s09e25
212,Cheers,09,26,view_episode_scripts.php?tv-show=cheers&episode=s09e26,s09e26
213,Cheers,09,27,view_episode_scripts.php?tv-show=cheers&episode=s09e27,s09e27
214,Cheers,10,01,view_episode_scripts.php?tv-show=cheers&episode=s10e01,s10e01
215,Cheers,10,02,view_episode_scripts.php?tv-show=cheers&episode=s10e02,s10e02
216,Cheers,10,03,view_episode_scripts.php?tv-show=cheers&episode=s10e03,s10e03
217,Cheers,10,04,view_episode_scripts.php?tv-show=cheers&episode=s10e04,s10e04
218,Cheers,10,05,view_episode_scripts.php?tv-show=cheers&episode=s10e05,s10e05
219,Cheers,10,06,view_episode_scripts.php?tv-show=cheers&episode=s10e06,s10e06
220,Cheers,10,07,view_episode_scripts.php?tv-show=cheers&episode=s10e07,s10e07
221,Cheers,10,08,view_episode_scripts.php?tv-show=cheers&episode=s10e08,s10e08
222,Cheers,10,09,view_episode_scripts.php?tv-show=cheers&episode=s10e09,s10e09
223,Cheers,10,10,view_episode_scripts.php?tv-show=cheers&episode=s10e10,s10e10
224,Cheers,10,11,view_episode_scripts.php?tv-show=cheers&episode=s10e11,s10e11
225,Cheers,10,12,view_episode_scripts.php?tv-show=cheers&episode=s10e12,s10e12
226,Cheers,10,13,view_episode_scripts.php?tv-show=cheers&episode=s10e13,s10e13
227,Cheers,10,14,view_episode_scripts.php?tv-show=cheers&episode=s10e14,s10e14
228,Cheers,10,15,view_episode_scripts.php?tv-show=cheers&episode=s10e15,s10e15
229,Cheers,10,16,view_episode_scripts.php?tv-show=cheers&episode=s10e16,s10e16
230,Cheers,10,17,view_episode_scripts.php?tv-show=cheers&episode=s10e17,s10e17
231,Cheers,10,18,view_episode_scripts.php?tv-show=cheers&episode=s10e18,s10e18
232,Cheers,10,19,view_episode_scripts.php?tv-show=cheers&episode=s10e19,s10e19
233,Cheers,10,20,view_episode_scripts.php?tv-show=cheers&episode=s10e20,s10e20
234,Cheers,10,21,view_episode_scripts.php?tv-show=cheers&episode=s10e21,s10e21
235,Cheers,10,22,view_episode_scripts.php?tv-show=cheers&episode=s10e22,s10e22
236,Cheers,10,23,view_episode_scripts.php?tv-show=cheers&episode=s10e23,s10e23
237,Cheers,10,24,view_episode_scripts.php?tv-show=cheers&episode=s10e24,s10e24
238,Cheers,10,25,view_episode_scripts.php?tv-show=cheers&episode=s10e25,s10e25
239,Cheers,11,01,view_episode_scripts.php?tv-show=cheers&episode=s11e01,s11e01
240,Cheers,11,02,view_episode_scripts.php?tv-show=cheers&episode=s11e02,s11e02
241,Cheers,11,03,view_episode_scripts.php?tv-show=cheers&episode=s11e03,s11e03
242,Cheers,11,04,view_episode_scripts.php?tv-show=cheers&episode=s11e04,s11e04
243,Cheers,11,05,view_episode_scripts.php?tv-show=cheers&episode=s11e05,s11e05
244,Cheers,11,06,view_episode_scripts.php?tv-show=cheers&episode=s11e06,s11e06
245,Cheers,11,07,view_episode_scripts.php?tv-show=cheers&episode=s11e07,s11e07
246,Cheers,11,08,view_episode_scripts.php?tv-show=cheers&episode=s11e08,s11e08
247,Cheers,11,09,view_episode_scripts.php?tv-show=cheers&episode=s11e09,s11e09
248,Cheers,11,10,view_episode_scripts.php?tv-show=cheers&episode=s11e10,s11e10
249,Cheers,11,11,view_episode_scripts.php?tv-show=cheers&episode=s11e11,s11e11
250,Cheers,11,12,view_episode_scripts.php?tv-show=cheers&episode=s11e12,s11e12
251,Cheers,11,13,view_episode_scripts.php?tv-show=cheers&episode=s11e13,s11e13
252,Cheers,11,14,view_episode_scripts.php?tv-show=cheers&episode=s11e14,s11e14
253,Cheers,11,15,view_episode_scripts.php?tv-show=cheers&episode=s11e15,s11e15
254,Cheers,11,16,view_episode_scripts.php?tv-show=cheers&episode=s11e16,s11e16
255,Cheers,11,17,view_episode_scripts.php?tv-show=cheers&episode=s11e17,s11e17
256,Cheers,11,18,view_episode_scripts.php?tv-show=cheers&episode=s11e18,s11e18
257,Cheers,11,19,view_episode_scripts.php?tv-show=cheers&episode=s11e19,s11e19
258,Cheers,11,20,view_episode_scripts.php?tv-show=cheers&episode=s11e20,s11e20
259,Cheers,11,21,view_episode_scripts.php?tv-show=cheers&episode=s11e21,s11e21
260,Cheers,11,22,view_episode_scripts.php?tv-show=cheers&episode=s11e22,s11e22
261,Cheers,11,23,view_episode_scripts.php?tv-show=cheers&episode=s11e23,s11e23
262,Cheers,11,24,view_episode_scripts.php?tv-show=cheers&episode=s11e24,s11e24
263,Cheers,11,25,view_episode_scripts.php?tv-show=cheers&episode=s11e25,s11e25
264,Who's the Boss?,01,01,view_episode_scripts.php?tv-show=whos-the-boss-1984&episode=s01e01,s01e01
265,Who's the Boss?,01,02,view_episode_scripts.php?tv-show=whos-the-boss-1984&episode=s01e02,s01e02
266,Who's the Boss?,01,03,view_episode_scripts.php?tv-show=whos-the-boss-1984&episode=s01e03,s01e03
267,Who's the Boss?,01,04,view_episode_scripts.php?tv-show=whos-the-boss-1984&episode=s01e04,s01e04
268,Who's the Boss?,01,05,view_episode_scripts.php?tv-show=whos-the-boss-1984&episode=s01e05,s01e05
269,Who's the Boss?,01,06,view_episode_scripts.php?tv-show=whos-the-boss-1984&episode=s01e06,s01e06
270,Who's the Boss?,01,07,view_episode_scripts.php?tv-show=whos-the-boss-1984&episode=s01e07,s01e07
271,Who's the Boss?,01,08,view_episode_scripts.php?tv-show=whos-the-boss-1984&episode=s01e08,s01e08
272,Who's the Boss?,01,09,view_episode_scripts.php?tv-show=whos-the-boss-1984&episode=s01e09,s01e09
273,Who's the Boss?,01,10,view_episode_scripts.php?tv-show=whos-the-boss-1984&episode=s01e10,s01e10
274,Who's the Boss?,01,11,view_episode_scripts.php?tv-show=whos-the-boss-1984&episode=s01e11,s01e11
275,Who's the Boss?,01,12,view_episode_scripts.php?tv-show=whos-the-boss-1984&episode=s01e12,s01e12
276,Who's the Boss?,01,13,view_episode_scripts.php?tv-show=whos-the-boss-1984&episode=s01e13,s01e13
277,Who's the Boss?,01,14,view_episode_scripts.php?tv-show=whos-the-boss-1984&episode=s01e14,s01e14
278,Who's the Boss?,01,15,view_episode_scripts.php?tv-show=whos-the-boss-1984&episode=s01e15,s01e15
279,Who's the Boss?,01,16,view_episode_scripts.php?tv-show=whos-the-boss-1984&episode=s01e16,s01e16
280,Who's the Boss?,01,17,view_episode_scripts.php?tv-show=whos-the-boss-1984&episode=s01e17,s01e17
281,Who's the Boss?,01,18,view_episode_scripts.php?tv-show=whos-the-boss-1984&episode=s01e18,s01e18
282,Who's the Boss?,01,19,view_episode_scripts.php?tv-show=whos-the-boss-1984&episode=s01e19,s01e19
283,Who's the Boss?,01,20,view_episode_scripts.php?tv-show=whos-the-boss-1984&episode=s01e20,s01e20
284,Who's the Boss?,01,21,view_episode_scripts.php?tv-show=whos-the-boss-1984&episode=s01e21,s01e21
285,Who's the Boss?,01,22,view_episode_scripts.php?tv-show=whos-the-boss-1984&episode=s01e22,s01e22
286,The Golden Girls,01,01,view_episode_scripts.php?tv-show=the-golden-girls-1985&episode=s01e01,s01e01
287,The Golden Girls,01,02,view_episode_scripts.php?tv-show=the-golden-girls-1985&episode=s01e02,s01e02
288,The Golden Girls,01,03,view_episode_scripts.php?tv-show=the-golden-girls-1985&episode=s01e03,s01e03
289,The Golden Girls,01,04,view_episode_scripts.php?tv-show=the-golden-girls-1985&episode=s01e04,s01e04
290,The Golden Girls,01,05,view_episode_scripts.php?tv-show=the-golden-girls-1985&episode=s01e05,s01e05
291,The Golden Girls,01,06,view_episode_scripts.php?tv-show=the-golden-girls-1985&episode=s01e06,s01e06
292,The Golden Girls,01,07,view_episode_scripts.php?tv-show=the-golden-girls-1985&episode=s01e07,s01e07
293,The Golden Girls,01,08,view_episode_scripts.php?tv-show=the-golden-girls-1985&episode=s01e08,s01e08
294,The Golden Girls,01,09,view_episode_scripts.php?tv-show=the-golden-girls-1985&episode=s01e09,s01e09
295,The Golden Girls,01,10,view_episode_scripts.php?tv-show=the-golden-girls-1985&episode=s01e10,s01e10
296,The Golden Girls,01,11,view_episode_scripts.php?tv-show=the-golden-girls-1985&episode=s01e11,s01e11
297,The Golden Girls,01,12,view_episode_scripts.php?tv-show=the-golden-girls-1985&episode=s01e12,s01e12
298,The Golden Girls,01,13,view_episode_scripts.php?tv-show=the-golden-girls-1985&episode=s01e13,s01e13
299,The Golden Girls,01,14,view_episode_scripts.php?tv-show=the-golden-girls-1985&episode=s01e14,s01e14
300,The Golden Girls,01,15,view_episode_scripts.php?tv-show=the-golden-girls-1985&episode=s01e15,s01e15
301,The Golden Girls,01,16,view_episode_scripts.php?tv-show=the-golden-girls-1985&episode=s01e16,s01e16
302,The Golden Girls,01,17,view_episode_scripts.php?tv-show=the-golden-girls-1985&episode=s01e17,s01e17
303,The Golden Girls,01,18,view_episode_scripts.php?tv-show=the-golden-girls-1985&episode=s01e18,s01e18
304,The Golden Girls,01,19,view_episode_scripts.php?tv-show=the-golden-girls-1985&episode=s01e19,s01e19
305,The Golden Girls,01,20,view_episode_scripts.php?tv-show=the-golden-girls-1985&episode=s01e20,s01e20
306,The Golden Girls,01,21,view_episode_scripts.php?tv-show=the-golden-girls-1985&episode=s01e21,s01e21
307,The Golden Girls,01,22,view_episode_scripts.php?tv-show=the-golden-girls-1985&episode=s01e22,s01e22
308,The Golden Girls,01,23,view_episode_scripts.php?tv-show=the-golden-girls-1985&episode=s01e23,s01e23
309,The Golden Girls,01,24,view_episode_scripts.php?tv-show=the-golden-girls-1985&episode=s01e24,s01e24
310,The Golden Girls,01,25,view_episode_scripts.php?tv-show=the-golden-girls-1985&episode=s01e25,s01e25
311,The Golden Girls,02,01,view_episode_scripts.php?tv-show=the-golden-girls-1985&episode=s02e01,s02e01
312,The Golden Girls,02,02,view_episode_scripts.php?tv-show=the-golden-girls-1985&episode=s02e02,s02e02
313,The Golden Girls,02,03,view_episode_scripts.php?tv-show=the-golden-girls-1985&episode=s02e03,s02e03
314,The Golden Girls,02,04,view_episode_scripts.php?tv-show=the-golden-girls-1985&episode=s02e04,s02e04
315,The Golden Girls,02,05,view_episode_scripts.php?tv-show=the-golden-girls-1985&episode=s02e05,s02e05
316,The Golden Girls,02,06,view_episode_scripts.php?tv-show=the-golden-girls-1985&episode=s02e06,s02e06
317,The Golden Girls,02,07,view_episode_scripts.php?tv-show=the-golden-girls-1985&episode=s02e07,s02e07
318,The Golden Girls,02,08,view_episode_scripts.php?tv-show=the-golden-girls-1985&episode=s02e08,s02e08
319,The Golden Girls,02,09,view_episode_scripts.php?tv-show=the-golden-girls-1985&episode=s02e09,s02e09
320,The Golden Girls,02,10,view_episode_scripts.php?tv-show=the-golden-girls-1985&episode=s02e10,s02e10
321,The Golden Girls,02,11,view_episode_scripts.php?tv-show=the-golden-girls-1985&episode=s02e11,s02e11
322,The Golden Girls,02,12,view_episode_scripts.php?tv-show=the-golden-girls-1985&episode=s02e12,s02e12
323,The Golden Girls,02,13,view_episode_scripts.php?tv-show=the-golden-girls-1985&episode=s02e13,s02e13
324,The Golden Girls,02,14,view_episode_scripts.php?tv-show=the-golden-girls-1985&episode=s02e14,s02e14
325,The Golden Girls,02,15,view_episode_scripts.php?tv-show=the-golden-girls-1985&episode=s02e15,s02e15
326,The Golden Girls,02,16,view_episode_scripts.php?tv-show=the-golden-girls-1985&episode=s02e16,s02e16
327,The Golden Girls,02,17,view_episode_scripts.php?tv-show=the-golden-girls-1985&episode=s02e17,s02e17
328,The Golden Girls,02,18,view_episode_scripts.php?tv-show=the-golden-girls-1985&episode=s02e18,s02e18
329,The Golden Girls,02,19,view_episode_scripts.php?tv-show=the-golden-girls-1985&episode=s02e19,s02e19
330,The Golden Girls,02,20,view_episode_scripts.php?tv-show=the-golden-girls-1985&episode=s02e20,s02e20
331,The Golden Girls,02,21,view_episode_scripts.php?tv-show=the-golden-girls-1985&episode=s02e21,s02e21
332,The Golden Girls,02,22,view_episode_scripts.php?tv-show=the-golden-girls-1985&episode=s02e22,s02e22
333,The Golden Girls,02,23,view_episode_scripts.php?tv-show=the-golden-girls-1985&episode=s02e23,s02e23
334,The Golden Girls,02,24,view_episode_scripts.php?tv-show=the-golden-girls-1985&episode=s02e24,s02e24
335,The Golden Girls,02,25,view_episode_scripts.php?tv-show=the-golden-girls-1985&episode=s02e25,s02e25
336,The Golden Girls,02,26,view_episode_scripts.php?tv-show=the-golden-girls-1985&episode=s02e26,s02e26
337,The Golden Girls,03,01,view_episode_scripts.php?tv-show=the-golden-girls-1985&episode=s03e01,s03e01
338,The Golden Girls,03,02,view_episode_scripts.php?tv-show=the-golden-girls-1985&episode=s03e02,s03e02
339,The Golden Girls,03,03,view_episode_scripts.php?tv-show=the-golden-girls-1985&episode=s03e03,s03e03
340,The Golden Girls,03,04,view_episode_scripts.php?tv-show=the-golden-girls-1985&episode=s03e04,s03e04
341,The Golden Girls,03,05,view_episode_scripts.php?tv-show=the-golden-girls-1985&episode=s03e05,s03e05
342,The Golden Girls,03,06,view_episode_scripts.php?tv-show=the-golden-girls-1985&episode=s03e06,s03e06
343,The Golden Girls,03,07,view_episode_scripts.php?tv-show=the-golden-girls-1985&episode=s03e07,s03e07
344,The Golden Girls,03,08,view_episode_scripts.php?tv-show=the-golden-girls-1985&episode=s03e08,s03e08
345,The Golden Girls,03,09,view_episode_scripts.php?tv-show=the-golden-girls-1985&episode=s03e09,s03e09
346,The Golden Girls,03,10,view_episode_scripts.php?tv-show=the-golden-girls-1985&episode=s03e10,s03e10
347,The Golden Girls,03,11,view_episode_scripts.php?tv-show=the-golden-girls-1985&episode=s03e11,s03e11
348,The Golden Girls,03,12,view_episode_scripts.php?tv-show=the-golden-girls-1985&episode=s03e12,s03e12
349,The Golden Girls,03,13,view_episode_scripts.php?tv-show=the-golden-girls-1985&episode=s03e13,s03e13
350,The Golden Girls,03,14,view_episode_scripts.php?tv-show=the-golden-girls-1985&episode=s03e14,s03e14
351,The Golden Girls,03,15,view_episode_scripts.php?tv-show=the-golden-girls-1985&episode=s03e15,s03e15
352,The Golden Girls,03,16,view_episode_scripts.php?tv-show=the-golden-girls-1985&episode=s03e16,s03e16
353,The Golden Girls,03,17,view_episode_scripts.php?tv-show=the-golden-girls-1985&episode=s03e17,s03e17
354,The Golden Girls,03,18,view_episode_scripts.php?tv-show=the-golden-girls-1985&episode=s03e18,s03e18
355,The Golden Girls,03,19,view_episode_scripts.php?tv-show=the-golden-girls-1985&episode=s03e19,s03e19
356,The Golden Girls,03,20,view_episode_scripts.php?tv-show=the-golden-girls-1985&episode=s03e20,s03e20
357,The Golden Girls,03,21,view_episode_scripts.php?tv-show=the-golden-girls-1985&episode=s03e21,s03e21
358,The Golden Girls,03,22,view_episode_scripts.php?tv-show=the-golden-girls-1985&episode=s03e22,s03e22
359,The Golden Girls,03,23,view_episode_scripts.php?tv-show=the-golden-girls-1985&episode=s03e23,s03e23
360,The Golden Girls,03,24,view_episode_scripts.php?tv-show=the-golden-girls-1985&episode=s03e24,s03e24
361,The Golden Girls,03,25,view_episode_scripts.php?tv-show=the-golden-girls-1985&episode=s03e25,s03e25
362,The Golden Girls,04,01,view_episode_scripts.php?tv-show=the-golden-girls-1985&episode=s04e01,s04e01
363,The Golden Girls,04,02,view_episode_scripts.php?tv-show=the-golden-girls-1985&episode=s04e02,s04e02
364,The Golden Girls,04,03,view_episode_scripts.php?tv-show=the-golden-girls-1985&episode=s04e03,s04e03
365,The Golden Girls,04,04,view_episode_scripts.php?tv-show=the-golden-girls-1985&episode=s04e04,s04e04
366,The Golden Girls,04,05,view_episode_scripts.php?tv-show=the-golden-girls-1985&episode=s04e05,s04e05
367,The Golden Girls,04,06,view_episode_scripts.php?tv-show=the-golden-girls-1985&episode=s04e06,s04e06
368,The Golden Girls,04,07,view_episode_scripts.php?tv-show=the-golden-girls-1985&episode=s04e07,s04e07
369,The Golden Girls,04,08,view_episode_scripts.php?tv-show=the-golden-girls-1985&episode=s04e08,s04e08
370,The Golden Girls,04,09,view_episode_scripts.php?tv-show=the-golden-girls-1985&episode=s04e09,s04e09
371,The Golden Girls,04,10,view_episode_scripts.php?tv-show=the-golden-girls-1985&episode=s04e10,s04e10
372,The Golden Girls,04,11,view_episode_scripts.php?tv-show=the-golden-girls-1985&episode=s04e11,s04e11
373,The Golden Girls,04,12,view_episode_scripts.php?tv-show=the-golden-girls-1985&episode=s04e12,s04e12
374,The Golden Girls,04,13,view_episode_scripts.php?tv-show=the-golden-girls-1985&episode=s04e13,s04e13
375,The Golden Girls,04,14,view_episode_scripts.php?tv-show=the-golden-girls-1985&episode=s04e14,s04e14
376,The Golden Girls,04,15,view_episode_scripts.php?tv-show=the-golden-girls-1985&episode=s04e15,s04e15
377,The Golden Girls,04,16,view_episode_scripts.php?tv-show=the-golden-girls-1985&episode=s04e16,s04e16
378,The Golden Girls,04,17,view_episode_scripts.php?tv-show=the-golden-girls-1985&episode=s04e17,s04e17
379,The Golden Girls,04,18,view_episode_scripts.php?tv-show=the-golden-girls-1985&episode=s04e18,s04e18
380,The Golden Girls,04,19,view_episode_scripts.php?tv-show=the-golden-girls-1985&episode=s04e19,s04e19
381,The Golden Girls,04,20,view_episode_scripts.php?tv-show=the-golden-girls-1985&episode=s04e20,s04e20
382,The Golden Girls,04,21,view_episode_scripts.php?tv-show=the-golden-girls-1985&episode=s04e21,s04e21
383,The Golden Girls,04,22,view_episode_scripts.php?tv-show=the-golden-girls-1985&episode=s04e22,s04e22
384,The Golden Girls,04,23,view_episode_scripts.php?tv-show=the-golden-girls-1985&episode=s04e23,s04e23
385,The Golden Girls,04,24,view_episode_scripts.php?tv-show=the-golden-girls-1985&episode=s04e24,s04e24
386,The Golden Girls,04,25,view_episode_scripts.php?tv-show=the-golden-girls-1985&episode=s04e25,s04e25
387,The Golden Girls,05,01,view_episode_scripts.php?tv-show=the-golden-girls-1985&episode=s05e01,s05e01
388,The Golden Girls,05,02,view_episode_scripts.php?tv-show=the-golden-girls-1985&episode=s05e02,s05e02
389,The Golden Girls,05,03,view_episode_scripts.php?tv-show=the-golden-girls-1985&episode=s05e03,s05e03
390,The Golden Girls,05,04,view_episode_scripts.php?tv-show=the-golden-girls-1985&episode=s05e04,s05e04
391,The Golden Girls,05,05,view_episode_scripts.php?tv-show=the-golden-girls-1985&episode=s05e05,s05e05
392,The Golden Girls,05,06,view_episode_scripts.php?tv-show=the-golden-girls-1985&episode=s05e06,s05e06
393,The Golden Girls,05,07,view_episode_scripts.php?tv-show=the-golden-girls-1985&episode=s05e07,s05e07
394,The Golden Girls,05,08,view_episode_scripts.php?tv-show=the-golden-girls-1985&episode=s05e08,s05e08
395,The Golden Girls,05,09,view_episode_scripts.php?tv-show=the-golden-girls-1985&episode=s05e09,s05e09
396,The Golden Girls,05,10,view_episode_scripts.php?tv-show=the-golden-girls-1985&episode=s05e10,s05e10
397,The Golden Girls,05,11,view_episode_scripts.php?tv-show=the-golden-girls-1985&episode=s05e11,s05e11
398,The Golden Girls,05,12,view_episode_scripts.php?tv-show=the-golden-girls-1985&episode=s05e12,s05e12
399,The Golden Girls,05,13,view_episode_scripts.php?tv-show=the-golden-girls-1985&episode=s05e13,s05e13
400,The Golden Girls,05,14,view_episode_scripts.php?tv-show=the-golden-girls-1985&episode=s05e14,s05e14
401,The Golden Girls,05,15,view_episode_scripts.php?tv-show=the-golden-girls-1985&episode=s05e15,s05e15
402,The Golden Girls,05,16,view_episode_scripts.php?tv-show=the-golden-girls-1985&episode=s05e16,s05e16
403,The Golden Girls,05,17,view_episode_scripts.php?tv-show=the-golden-girls-1985&episode=s05e17,s05e17
404,The Golden Girls,05,18,view_episode_scripts.php?tv-show=the-golden-girls-1985&episode=s05e18,s05e18
405,The Golden Girls,05,19,view_episode_scripts.php?tv-show=the-golden-girls-1985&episode=s05e19,s05e19
406,The Golden Girls,05,20,view_episode_scripts.php?tv-show=the-golden-girls-1985&episode=s05e20,s05e20
407,The Golden Girls,05,21,view_episode_scripts.php?tv-show=the-golden-girls-1985&episode=s05e21,s05e21
408,The Golden Girls,05,22,view_episode_scripts.php?tv-show=the-golden-girls-1985&episode=s05e22,s05e22
409,The Golden Girls,05,23,view_episode_scripts.php?tv-show=the-golden-girls-1985&episode=s05e23,s05e23
410,The Golden Girls,05,24,view_episode_scripts.php?tv-show=the-golden-girls-1985&episode=s05e24,s05e24
411,The Golden Girls,05,25,view_episode_scripts.php?tv-show=the-golden-girls-1985&episode=s05e25,s05e25
412,The Golden Girls,06,01,view_episode_scripts.php?tv-show=the-golden-girls-1985&episode=s06e01,s06e01
413,The Golden Girls,06,02,view_episode_scripts.php?tv-show=the-golden-girls-1985&episode=s06e02,s06e02
414,The Golden Girls,06,03,view_episode_scripts.php?tv-show=the-golden-girls-1985&episode=s06e03,s06e03
415,The Golden Girls,06,04,view_episode_scripts.php?tv-show=the-golden-girls-1985&episode=s06e04,s06e04
416,The Golden Girls,06,05,view_episode_scripts.php?tv-show=the-golden-girls-1985&episode=s06e05,s06e05
417,The Golden Girls,06,06,view_episode_scripts.php?tv-show=the-golden-girls-1985&episode=s06e06,s06e06
418,The Golden Girls,06,07,view_episode_scripts.php?tv-show=the-golden-girls-1985&episode=s06e07,s06e07
419,The Golden Girls,06,08,view_episode_scripts.php?tv-show=the-golden-girls-1985&episode=s06e08,s06e08
420,The Golden Girls,06,09,view_episode_scripts.php?tv-show=the-golden-girls-1985&episode=s06e09,s06e09
421,The Golden Girls,06,10,view_episode_scripts.php?tv-show=the-golden-girls-1985&episode=s06e10,s06e10
422,The Golden Girls,06,11,view_episode_scripts.php?tv-show=the-golden-girls-1985&episode=s06e11,s06e11
423,The Golden Girls,06,12,view_episode_scripts.php?tv-show=the-golden-girls-1985&episode=s06e12,s06e12
424,The Golden Girls,06,13,view_episode_scripts.php?tv-show=the-golden-girls-1985&episode=s06e13,s06e13
425,The Golden Girls,06,14,view_episode_scripts.php?tv-show=the-golden-girls-1985&episode=s06e14,s06e14
426,The Golden Girls,06,15,view_episode_scripts.php?tv-show=the-golden-girls-1985&episode=s06e15,s06e15
427,The Golden Girls,06,16,view_episode_scripts.php?tv-show=the-golden-girls-1985&episode=s06e16,s06e16
428,The Golden Girls,06,17,view_episode_scripts.php?tv-show=the-golden-girls-1985&episode=s06e17,s06e17
429,The Golden Girls,06,18,view_episode_scripts.php?tv-show=the-golden-girls-1985&episode=s06e18,s06e18
430,The Golden Girls,06,19,view_episode_scripts.php?tv-show=the-golden-girls-1985&episode=s06e19,s06e19
431,The Golden Girls,06,20,view_episode_scripts.php?tv-show=the-golden-girls-1985&episode=s06e20,s06e20
432,The Golden Girls,06,21,view_episode_scripts.php?tv-show=the-golden-girls-1985&episode=s06e21,s06e21
433,The Golden Girls,06,22,view_episode_scripts.php?tv-show=the-golden-girls-1985&episode=s06e22,s06e22
434,The Golden Girls,06,23,view_episode_scripts.php?tv-show=the-golden-girls-1985&episode=s06e23,s06e23
435,The Golden Girls,06,24,view_episode_scripts.php?tv-show=the-golden-girls-1985&episode=s06e24,s06e24
436,The Golden Girls,06,25,view_episode_scripts.php?tv-show=the-golden-girls-1985&episode=s06e25,s06e25
437,The Golden Girls,06,26,view_episode_scripts.php?tv-show=the-golden-girls-1985&episode=s06e26,s06e26
438,The Golden Girls,07,01,view_episode_scripts.php?tv-show=the-golden-girls-1985&episode=s07e01,s07e01
439,The Golden Girls,07,02,view_episode_scripts.php?tv-show=the-golden-girls-1985&episode=s07e02,s07e02
440,The Golden Girls,07,03,view_episode_scripts.php?tv-show=the-golden-girls-1985&episode=s07e03,s07e03
441,The Golden Girls,07,04,view_episode_scripts.php?tv-show=the-golden-girls-1985&episode=s07e04,s07e04
442,The Golden Girls,07,05,view_episode_scripts.php?tv-show=the-golden-girls-1985&episode=s07e05,s07e05
443,The Golden Girls,07,06,view_episode_scripts.php?tv-show=the-golden-girls-1985&episode=s07e06,s07e06
444,The Golden Girls,07,07,view_episode_scripts.php?tv-show=the-golden-girls-1985&episode=s07e07,s07e07
445,The Golden Girls,07,08,view_episode_scripts.php?tv-show=the-golden-girls-1985&episode=s07e08,s07e08
446,The Golden Girls,07,09,view_episode_scripts.php?tv-show=the-golden-girls-1985&episode=s07e09,s07e09
447,The Golden Girls,07,10,view_episode_scripts.php?tv-show=the-golden-girls-1985&episode=s07e10,s07e10
448,The Golden Girls,07,11,view_episode_scripts.php?tv-show=the-golden-girls-1985&episode=s07e11,s07e11
449,The Golden Girls,07,12,view_episode_scripts.php?tv-show=the-golden-girls-1985&episode=s07e12,s07e12
450,The Golden Girls,07,13,view_episode_scripts.php?tv-show=the-golden-girls-1985&episode=s07e13,s07e13
451,The Golden Girls,07,14,view_episode_scripts.php?tv-show=the-golden-girls-1985&episode=s07e14,s07e14
452,The Golden Girls,07,15,view_episode_scripts.php?tv-show=the-golden-girls-1985&episode=s07e15,s07e15
453,The Golden Girls,07,16,view_episode_scripts.php?tv-show=the-golden-girls-1985&episode=s07e16,s07e16
454,The Golden Girls,07,17,view_episode_scripts.php?tv-show=the-golden-girls-1985&episode=s07e17,s07e17
455,The Golden Girls,07,18,view_episode_scripts.php?tv-show=the-golden-girls-1985&episode=s07e18,s07e18
456,The Golden Girls,07,19,view_episode_scripts.php?tv-show=the-golden-girls-1985&episode=s07e19,s07e19
457,The Golden Girls,07,20,view_episode_scripts.php?tv-show=the-golden-girls-1985&episode=s07e20,s07e20
458,The Golden Girls,07,21,view_episode_scripts.php?tv-show=the-golden-girls-1985&episode=s07e21,s07e21
459,The Golden Girls,07,22,view_episode_scripts.php?tv-show=the-golden-girls-1985&episode=s07e22,s07e22
460,The Golden Girls,07,23,view_episode_scripts.php?tv-show=the-golden-girls-1985&episode=s07e23,s07e23
461,The Golden Girls,07,24,view_episode_scripts.php?tv-show=the-golden-girls-1985&episode=s07e24,s07e24
462,The Golden Girls,07,25,view_episode_scripts.php?tv-show=the-golden-girls-1985&episode=s07e25,s07e25
463,Full House,01,01,view_episode_scripts.php?tv-show=full-house&episode=s01e01,s01e01
464,Full House,01,02,view_episode_scripts.php?tv-show=full-house&episode=s01e02,s01e02
465,Full House,01,03,view_episode_scripts.php?tv-show=full-house&episode=s01e03,s01e03
466,Full House,01,04,view_episode_scripts.php?tv-show=full-house&episode=s01e04,s01e04
467,Full House,01,05,view_episode_scripts.php?tv-show=full-house&episode=s01e05,s01e05
468,Full House,01,06,view_episode_scripts.php?tv-show=full-house&episode=s01e06,s01e06
469,Full House,01,07,view_episode_scripts.php?tv-show=full-house&episode=s01e07,s01e07
470,Full House,01,08,view_episode_scripts.php?tv-show=full-house&episode=s01e08,s01e08
471,Full House,01,09,view_episode_scripts.php?tv-show=full-house&episode=s01e09,s01e09
472,Full House,01,10,view_episode_scripts.php?tv-show=full-house&episode=s01e10,s01e10
473,Full House,01,11,view_episode_scripts.php?tv-show=full-house&episode=s01e11,s01e11
474,Full House,01,12,view_episode_scripts.php?tv-show=full-house&episode=s01e12,s01e12
475,Full House,01,13,view_episode_scripts.php?tv-show=full-house&episode=s01e13,s01e13
476,Full House,01,14,view_episode_scripts.php?tv-show=full-house&episode=s01e14,s01e14
477,Full House,01,15,view_episode_scripts.php?tv-show=full-house&episode=s01e15,s01e15
478,Full House,01,16,view_episode_scripts.php?tv-show=full-house&episode=s01e16,s01e16
479,Full House,01,17,view_episode_scripts.php?tv-show=full-house&episode=s01e17,s01e17
480,Full House,01,18,view_episode_scripts.php?tv-show=full-house&episode=s01e18,s01e18
481,Full House,01,19,view_episode_scripts.php?tv-show=full-house&episode=s01e19,s01e19
482,Full House,01,20,view_episode_scripts.php?tv-show=full-house&episode=s01e20,s01e20
483,Full House,01,21,view_episode_scripts.php?tv-show=full-house&episode=s01e21,s01e21
484,Full House,01,22,view_episode_scripts.php?tv-show=full-house&episode=s01e22,s01e22
485,Full House,02,01,view_episode_scripts.php?tv-show=full-house&episode=s02e01,s02e01
486,Full House,02,02,view_episode_scripts.php?tv-show=full-house&episode=s02e02,s02e02
487,Full House,02,03,view_episode_scripts.php?tv-show=full-house&episode=s02e03,s02e03
488,Full House,02,04,view_episode_scripts.php?tv-show=full-house&episode=s02e04,s02e04
489,Full House,02,05,view_episode_scripts.php?tv-show=full-house&episode=s02e05,s02e05
490,Full House,02,06,view_episode_scripts.php?tv-show=full-house&episode=s02e06,s02e06
491,Full House,02,07,view_episode_scripts.php?tv-show=full-house&episode=s02e07,s02e07
492,Full House,02,08,view_episode_scripts.php?tv-show=full-house&episode=s02e08,s02e08
493,Full House,02,09,view_episode_scripts.php?tv-show=full-house&episode=s02e09,s02e09
494,Full House,02,10,view_episode_scripts.php?tv-show=full-house&episode=s02e10,s02e10
495,Full House,02,11,view_episode_scripts.php?tv-show=full-house&episode=s02e11,s02e11
496,Full House,02,12,view_episode_scripts.php?tv-show=full-house&episode=s02e12,s02e12
497,Full House,02,13,view_episode_scripts.php?tv-show=full-house&episode=s02e13,s02e13
498,Full House,02,14,view_episode_scripts.php?tv-show=full-house&episode=s02e14,s02e14
499,Full House,02,15,view_episode_scripts.php?tv-show=full-house&episode=s02e15,s02e15
500,Full House,02,16,view_episode_scripts.php?tv-show=full-house&episode=s02e16,s02e16
501,Full House,02,17,view_episode_scripts.php?tv-show=full-house&episode=s02e17,s02e17
502,Full House,02,18,view_episode_scripts.php?tv-show=full-house&episode=s02e18,s02e18
503,Full House,02,19,view_episode_scripts.php?tv-show=full-house&episode=s02e19,s02e19
504,Full House,02,20,view_episode_scripts.php?tv-show=full-house&episode=s02e20,s02e20
505,Full House,02,21,view_episode_scripts.php?tv-show=full-house&episode=s02e21,s02e21
506,Full House,02,22,view_episode_scripts.php?tv-show=full-house&episode=s02e22,s02e22
507,Full House,03,01,view_episode_scripts.php?tv-show=full-house&episode=s03e01,s03e01
508,Full House,03,02,view_episode_scripts.php?tv-show=full-house&episode=s03e02,s03e02
509,Full House,03,03,view_episode_scripts.php?tv-show=full-house&episode=s03e03,s03e03
510,Full House,03,04,view_episode_scripts.php?tv-show=full-house&episode=s03e04,s03e04
511,Full House,03,05,view_episode_scripts.php?tv-show=full-house&episode=s03e05,s03e05
512,Full House,03,06,view_episode_scripts.php?tv-show=full-house&episode=s03e06,s03e06
513,Full House,03,07,view_episode_scripts.php?tv-show=full-house&episode=s03e07,s03e07
514,Full House,03,08,view_episode_scripts.php?tv-show=full-house&episode=s03e08,s03e08
515,Full House,03,09,view_episode_scripts.php?tv-show=full-house&episode=s03e09,s03e09
516,Full House,03,10,view_episode_scripts.php?tv-show=full-house&episode=s03e10,s03e10
517,Full House,03,11,view_episode_scripts.php?tv-show=full-house&episode=s03e11,s03e11
518,Full House,03,12,view_episode_scripts.php?tv-show=full-house&episode=s03e12,s03e12
519,Full House,03,13,view_episode_scripts.php?tv-show=full-house&episode=s03e13,s03e13
520,Full House,03,14,view_episode_scripts.php?tv-show=full-house&episode=s03e14,s03e14
521,Full House,03,15,view_episode_scripts.php?tv-show=full-house&episode=s03e15,s03e15
522,Full House,03,16,view_episode_scripts.php?tv-show=full-house&episode=s03e16,s03e16
523,Full House,03,17,view_episode_scripts.php?tv-show=full-house&episode=s03e17,s03e17
524,Full House,03,18,view_episode_scripts.php?tv-show=full-house&episode=s03e18,s03e18
525,Full House,03,19,view_episode_scripts.php?tv-show=full-house&episode=s03e19,s03e19
526,Full House,03,20,view_episode_scripts.php?tv-show=full-house&episode=s03e20,s03e20
527,Full House,03,21,view_episode_scripts.php?tv-show=full-house&episode=s03e21,s03e21
528,Full House,03,22,view_episode_scripts.php?tv-show=full-house&episode=s03e22,s03e22
529,Full House,03,23,view_episode_scripts.php?tv-show=full-house&episode=s03e23,s03e23
530,Full House,03,24,view_episode_scripts.php?tv-show=full-house&episode=s03e24,s03e24
531,Full House,04,01,view_episode_scripts.php?tv-show=full-house&episode=s04e01,s04e01
532,Full House,04,02,view_episode_scripts.php?tv-show=full-house&episode=s04e02,s04e02
533,Full House,04,03,view_episode_scripts.php?tv-show=full-house&episode=s04e03,s04e03
534,Full House,04,04,view_episode_scripts.php?tv-show=full-house&episode=s04e04,s04e04
535,Full House,04,05,view_episode_scripts.php?tv-show=full-house&episode=s04e05,s04e05
536,Full House,04,06,view_episode_scripts.php?tv-show=full-house&episode=s04e06,s04e06
537,Full House,04,07,view_episode_scripts.php?tv-show=full-house&episode=s04e07,s04e07
538,Full House,04,08,view_episode_scripts.php?tv-show=full-house&episode=s04e08,s04e08
539,Full House,04,09,view_episode_scripts.php?tv-show=full-house&episode=s04e09,s04e09
540,Full House,04,10,view_episode_scripts.php?tv-show=full-house&episode=s04e10,s04e10
541,Full House,04,11,view_episode_scripts.php?tv-show=full-house&episode=s04e11,s04e11
542,Full House,04,12,view_episode_scripts.php?tv-show=full-house&episode=s04e12,s04e12
543,Full House,04,13,view_episode_scripts.php?tv-show=full-house&episode=s04e13,s04e13
544,Full House,04,14,view_episode_scripts.php?tv-show=full-house&episode=s04e14,s04e14
545,Full House,04,15,view_episode_scripts.php?tv-show=full-house&episode=s04e15,s04e15
546,Full House,04,16,view_episode_scripts.php?tv-show=full-house&episode=s04e16,s04e16
547,Full House,04,17,view_episode_scripts.php?tv-show=full-house&episode=s04e17,s04e17
548,Full House,04,18,view_episode_scripts.php?tv-show=full-house&episode=s04e18,s04e18
549,Full House,04,19,view_episode_scripts.php?tv-show=full-house&episode=s04e19,s04e19
550,Full House,04,20,view_episode_scripts.php?tv-show=full-house&episode=s04e20,s04e20
551,Full House,04,21,view_episode_scripts.php?tv-show=full-house&episode=s04e21,s04e21
552,Full House,04,22,view_episode_scripts.php?tv-show=full-house&episode=s04e22,s04e22
553,Full House,04,23,view_episode_scripts.php?tv-show=full-house&episode=s04e23,s04e23
554,Full House,04,24,view_episode_scripts.php?tv-show=full-house&episode=s04e24,s04e24
555,Full House,04,25,view_episode_scripts.php?tv-show=full-house&episode=s04e25,s04e25
556,Full House,04,26,view_episode_scripts.php?tv-show=full-house&episode=s04e26,s04e26
557,Full House,05,01,view_episode_scripts.php?tv-show=full-house&episode=s05e01,s05e01
558,Full House,05,02,view_episode_scripts.php?tv-show=full-house&episode=s05e02,s05e02
559,Full House,05,03,view_episode_scripts.php?tv-show=full-house&episode=s05e03,s05e03
560,Full House,05,04,view_episode_scripts.php?tv-show=full-house&episode=s05e04,s05e04
561,Full House,05,05,view_episode_scripts.php?tv-show=full-house&episode=s05e05,s05e05
562,Full House,05,06,view_episode_scripts.php?tv-show=full-house&episode=s05e06,s05e06
563,Full House,05,07,view_episode_scripts.php?tv-show=full-house&episode=s05e07,s05e07
564,Full House,05,08,view_episode_scripts.php?tv-show=full-house&episode=s05e08,s05e08
565,Full House,05,09,view_episode_scripts.php?tv-show=full-house&episode=s05e09,s05e09
566,Full House,05,10,view_episode_scripts.php?tv-show=full-house&episode=s05e10,s05e10
567,Full House,05,11,view_episode_scripts.php?tv-show=full-house&episode=s05e11,s05e11
568,Full House,05,12,view_episode_scripts.php?tv-show=full-house&episode=s05e12,s05e12
569,Full House,05,13,view_episode_scripts.php?tv-show=full-house&episode=s05e13,s05e13
570,Full House,05,14,view_episode_scripts.php?tv-show=full-house&episode=s05e14,s05e14
571,Full House,05,15,view_episode_scripts.php?tv-show=full-house&episode=s05e15,s05e15
572,Full House,05,16,view_episode_scripts.php?tv-show=full-house&episode=s05e16,s05e16
573,Full House,05,17,view_episode_scripts.php?tv-show=full-house&episode=s05e17,s05e17
574,Full House,05,18,view_episode_scripts.php?tv-show=full-house&episode=s05e18,s05e18
575,Full House,05,19,view_episode_scripts.php?tv-show=full-house&episode=s05e19,s05e19
576,Full House,05,20,view_episode_scripts.php?tv-show=full-house&episode=s05e20,s05e20
577,Full House,05,21,view_episode_scripts.php?tv-show=full-house&episode=s05e21,s05e21
578,Full House,05,22,view_episode_scripts.php?tv-show=full-house&episode=s05e22,s05e22
579,Full House,05,23,view_episode_scripts.php?tv-show=full-house&episode=s05e23,s05e23
580,Full House,05,24,view_episode_scripts.php?tv-show=full-house&episode=s05e24,s05e24
581,Full House,05,25,view_episode_scripts.php?tv-show=full-house&episode=s05e25,s05e25
582,Full House,05,26,view_episode_scripts.php?tv-show=full-house&episode=s05e26,s05e26
583,Seinfeld,01,01,view_episode_scripts.php?tv-show=seinfeld&episode=s01e01,s01e01
584,Seinfeld,01,02,view_episode_scripts.php?tv-show=seinfeld&episode=s01e02,s01e02
585,Seinfeld,01,03,view_episode_scripts.php?tv-show=seinfeld&episode=s01e03,s01e03
586,Seinfeld,01,04,view_episode_scripts.php?tv-show=seinfeld&episode=s01e04,s01e04
587,Seinfeld,01,05,view_episode_scripts.php?tv-show=seinfeld&episode=s01e05,s01e05
588,Seinfeld,02,01,view_episode_scripts.php?tv-show=seinfeld&episode=s02e01,s02e01
589,Seinfeld,02,02,view_episode_scripts.php?tv-show=seinfeld&episode=s02e02,s02e02
590,Seinfeld,02,03,view_episode_scripts.php?tv-show=seinfeld&episode=s02e03,s02e03
591,Seinfeld,02,04,view_episode_scripts.php?tv-show=seinfeld&episode=s02e04,s02e04
592,Seinfeld,02,05,view_episode_scripts.php?tv-show=seinfeld&episode=s02e05,s02e05
593,Seinfeld,02,06,view_episode_scripts.php?tv-show=seinfeld&episode=s02e06,s02e06
594,Seinfeld,02,07,view_episode_scripts.php?tv-show=seinfeld&episode=s02e07,s02e07
595,Seinfeld,02,08,view_episode_scripts.php?tv-show=seinfeld&episode=s02e08,s02e08
596,Seinfeld,02,09,view_episode_scripts.php?tv-show=seinfeld&episode=s02e09,s02e09
597,Seinfeld,02,10,view_episode_scripts.php?tv-show=seinfeld&episode=s02e10,s02e10
598,Seinfeld,02,11,view_episode_scripts.php?tv-show=seinfeld&episode=s02e11,s02e11
599,Seinfeld,02,12,view_episode_scripts.php?tv-show=seinfeld&episode=s02e12,s02e12
600,Seinfeld,03,01,view_episode_scripts.php?tv-show=seinfeld&episode=s03e01,s03e01
601,Seinfeld,03,02,view_episode_scripts.php?tv-show=seinfeld&episode=s03e02,s03e02
602,Seinfeld,03,03,view_episode_scripts.php?tv-show=seinfeld&episode=s03e03,s03e03
603,Seinfeld,03,04,view_episode_scripts.php?tv-show=seinfeld&episode=s03e04,s03e04
604,Seinfeld,03,05,view_episode_scripts.php?tv-show=seinfeld&episode=s03e05,s03e05
605,Seinfeld,03,06,view_episode_scripts.php?tv-show=seinfeld&episode=s03e06,s03e06
606,Seinfeld,03,07,view_episode_scripts.php?tv-show=seinfeld&episode=s03e07,s03e07
607,Seinfeld,03,08,view_episode_scripts.php?tv-show=seinfeld&episode=s03e08,s03e08
608,Seinfeld,03,09,view_episode_scripts.php?tv-show=seinfeld&episode=s03e09,s03e09
609,Seinfeld,03,10,view_episode_scripts.php?tv-show=seinfeld&episode=s03e10,s03e10
610,Seinfeld,03,11,view_episode_scripts.php?tv-show=seinfeld&episode=s03e11,s03e11
611,Seinfeld,03,12,view_episode_scripts.php?tv-show=seinfeld&episode=s03e12,s03e12
612,Seinfeld,03,13,view_episode_scripts.php?tv-show=seinfeld&episode=s03e13,s03e13
613,Seinfeld,03,14,view_episode_scripts.php?tv-show=seinfeld&episode=s03e14,s03e14
614,Seinfeld,03,15,view_episode_scripts.php?tv-show=seinfeld&episode=s03e15,s03e15
615,Seinfeld,03,16,view_episode_scripts.php?tv-show=seinfeld&episode=s03e16,s03e16
616,Seinfeld,03,17,view_episode_scripts.php?tv-show=seinfeld&episode=s03e17,s03e17
617,Seinfeld,03,19,view_episode_scripts.php?tv-show=seinfeld&episode=s03e19,s03e19
618,Seinfeld,03,20,view_episode_scripts.php?tv-show=seinfeld&episode=s03e20,s03e20
619,Seinfeld,03,21,view_episode_scripts.php?tv-show=seinfeld&episode=s03e21,s03e21
620,Seinfeld,03,22,view_episode_scripts.php?tv-show=seinfeld&episode=s03e22,s03e22
621,Seinfeld,03,23,view_episode_scripts.php?tv-show=seinfeld&episode=s03e23,s03e23
622,Seinfeld,04,01,view_episode_scripts.php?tv-show=seinfeld&episode=s04e01,s04e01
623,Seinfeld,04,02,view_episode_scripts.php?tv-show=seinfeld&episode=s04e02,s04e02
624,Seinfeld,04,03,view_episode_scripts.php?tv-show=seinfeld&episode=s04e03,s04e03
625,Seinfeld,04,05,view_episode_scripts.php?tv-show=seinfeld&episode=s04e05,s04e05
626,Seinfeld,04,06,view_episode_scripts.php?tv-show=seinfeld&episode=s04e06,s04e06
627,Seinfeld,04,07,view_episode_scripts.php?tv-show=seinfeld&episode=s04e07,s04e07
628,Seinfeld,04,08,view_episode_scripts.php?tv-show=seinfeld&episode=s04e08,s04e08
629,Seinfeld,04,09,view_episode_scripts.php?tv-show=seinfeld&episode=s04e09,s04e09
630,Seinfeld,04,10,view_episode_scripts.php?tv-show=seinfeld&episode=s04e10,s04e10
631,Seinfeld,04,11,view_episode_scripts.php?tv-show=seinfeld&episode=s04e11,s04e11
632,Seinfeld,04,12,view_episode_scripts.php?tv-show=seinfeld&episode=s04e12,s04e12
633,Seinfeld,04,13,view_episode_scripts.php?tv-show=seinfeld&episode=s04e13,s04e13
634,Seinfeld,04,14,view_episode_scripts.php?tv-show=seinfeld&episode=s04e14,s04e14
635,Seinfeld,04,15,view_episode_scripts.php?tv-show=seinfeld&episode=s04e15,s04e15
636,Seinfeld,04,16,view_episode_scripts.php?tv-show=seinfeld&episode=s04e16,s04e16
637,Seinfeld,04,17,view_episode_scripts.php?tv-show=seinfeld&episode=s04e17,s04e17
638,Seinfeld,04,18,view_episode_scripts.php?tv-show=seinfeld&episode=s04e18,s04e18
639,Seinfeld,04,19,view_episode_scripts.php?tv-show=seinfeld&episode=s04e19,s04e19
640,Seinfeld,04,20,view_episode_scripts.php?tv-show=seinfeld&episode=s04e20,s04e20
641,Seinfeld,04,21,view_episode_scripts.php?tv-show=seinfeld&episode=s04e21,s04e21
642,Seinfeld,04,22,view_episode_scripts.php?tv-show=seinfeld&episode=s04e22,s04e22
643,Seinfeld,04,23,view_episode_scripts.php?tv-show=seinfeld&episode=s04e23,s04e23
644,Seinfeld,05,01,view_episode_scripts.php?tv-show=seinfeld&episode=s05e01,s05e01
645,Seinfeld,05,02,view_episode_scripts.php?tv-show=seinfeld&episode=s05e02,s05e02
646,Seinfeld,05,03,view_episode_scripts.php?tv-show=seinfeld&episode=s05e03,s05e03
647,Seinfeld,05,05,view_episode_scripts.php?tv-show=seinfeld&episode=s05e05,s05e05
648,Seinfeld,05,06,view_episode_scripts.php?tv-show=seinfeld&episode=s05e06,s05e06
649,Seinfeld,05,07,view_episode_scripts.php?tv-show=seinfeld&episode=s05e07,s05e07
650,Seinfeld,05,08,view_episode_scripts.php?tv-show=seinfeld&episode=s05e08,s05e08
651,Seinfeld,05,09,view_episode_scripts.php?tv-show=seinfeld&episode=s05e09,s05e09
652,Seinfeld,05,10,view_episode_scripts.php?tv-show=seinfeld&episode=s05e10,s05e10
653,Seinfeld,05,11,view_episode_scripts.php?tv-show=seinfeld&episode=s05e11,s05e11
654,Seinfeld,05,12,view_episode_scripts.php?tv-show=seinfeld&episode=s05e12,s05e12
655,Seinfeld,05,13,view_episode_scripts.php?tv-show=seinfeld&episode=s05e13,s05e13
656,Seinfeld,05,14,view_episode_scripts.php?tv-show=seinfeld&episode=s05e14,s05e14
657,Seinfeld,05,15,view_episode_scripts.php?tv-show=seinfeld&episode=s05e15,s05e15
658,Seinfeld,05,16,view_episode_scripts.php?tv-show=seinfeld&episode=s05e16,s05e16
659,Seinfeld,05,17,view_episode_scripts.php?tv-show=seinfeld&episode=s05e17,s05e17
660,Seinfeld,05,18,view_episode_scripts.php?tv-show=seinfeld&episode=s05e18,s05e18
661,Seinfeld,05,20,view_episode_scripts.php?tv-show=seinfeld&episode=s05e20,s05e20
662,Seinfeld,05,21,view_episode_scripts.php?tv-show=seinfeld&episode=s05e21,s05e21
663,Seinfeld,05,22,view_episode_scripts.php?tv-show=seinfeld&episode=s05e22,s05e22
664,Seinfeld,06,01,view_episode_scripts.php?tv-show=seinfeld&episode=s06e01,s06e01
665,Seinfeld,06,02,view_episode_scripts.php?tv-show=seinfeld&episode=s06e02,s06e02
666,Seinfeld,06,03,view_episode_scripts.php?tv-show=seinfeld&episode=s06e03,s06e03
667,Seinfeld,06,04,view_episode_scripts.php?tv-show=seinfeld&episode=s06e04,s06e04
668,Seinfeld,06,05,view_episode_scripts.php?tv-show=seinfeld&episode=s06e05,s06e05
669,Seinfeld,06,06,view_episode_scripts.php?tv-show=seinfeld&episode=s06e06,s06e06
670,Seinfeld,06,07,view_episode_scripts.php?tv-show=seinfeld&episode=s06e07,s06e07
671,Seinfeld,06,08,view_episode_scripts.php?tv-show=seinfeld&episode=s06e08,s06e08
672,Seinfeld,06,09,view_episode_scripts.php?tv-show=seinfeld&episode=s06e09,s06e09
673,Seinfeld,06,10,view_episode_scripts.php?tv-show=seinfeld&episode=s06e10,s06e10
674,Seinfeld,06,11,view_episode_scripts.php?tv-show=seinfeld&episode=s06e11,s06e11
675,Seinfeld,06,12,view_episode_scripts.php?tv-show=seinfeld&episode=s06e12,s06e12
676,Seinfeld,06,13,view_episode_scripts.php?tv-show=seinfeld&episode=s06e13,s06e13
677,Seinfeld,06,14,view_episode_scripts.php?tv-show=seinfeld&episode=s06e14,s06e14
678,Seinfeld,06,16,view_episode_scripts.php?tv-show=seinfeld&episode=s06e16,s06e16
679,Seinfeld,06,17,view_episode_scripts.php?tv-show=seinfeld&episode=s06e17,s06e17
680,Seinfeld,06,18,view_episode_scripts.php?tv-show=seinfeld&episode=s06e18,s06e18
681,Seinfeld,06,19,view_episode_scripts.php?tv-show=seinfeld&episode=s06e19,s06e19
682,Seinfeld,06,20,view_episode_scripts.php?tv-show=seinfeld&episode=s06e20,s06e20
683,Seinfeld,06,21,view_episode_scripts.php?tv-show=seinfeld&episode=s06e21,s06e21
684,Seinfeld,06,22,view_episode_scripts.php?tv-show=seinfeld&episode=s06e22,s06e22
685,Seinfeld,06,23,view_episode_scripts.php?tv-show=seinfeld&episode=s06e23,s06e23
686,Seinfeld,06,24,view_episode_scripts.php?tv-show=seinfeld&episode=s06e24,s06e24
687,Seinfeld,07,01,view_episode_scripts.php?tv-show=seinfeld&episode=s07e01,s07e01
688,Seinfeld,07,02,view_episode_scripts.php?tv-show=seinfeld&episode=s07e02,s07e02
689,Seinfeld,07,03,view_episode_scripts.php?tv-show=seinfeld&episode=s07e03,s07e03
690,Seinfeld,07,04,view_episode_scripts.php?tv-show=seinfeld&episode=s07e04,s07e04
691,Seinfeld,07,05,view_episode_scripts.php?tv-show=seinfeld&episode=s07e05,s07e05
692,Seinfeld,07,06,view_episode_scripts.php?tv-show=seinfeld&episode=s07e06,s07e06
693,Seinfeld,07,07,view_episode_scripts.php?tv-show=seinfeld&episode=s07e07,s07e07
694,Seinfeld,07,08,view_episode_scripts.php?tv-show=seinfeld&episode=s07e08,s07e08
695,Seinfeld,07,09,view_episode_scripts.php?tv-show=seinfeld&episode=s07e09,s07e09
696,Seinfeld,07,10,view_episode_scripts.php?tv-show=seinfeld&episode=s07e10,s07e10
697,Seinfeld,07,11,view_episode_scripts.php?tv-show=seinfeld&episode=s07e11,s07e11
698,Seinfeld,07,12,view_episode_scripts.php?tv-show=seinfeld&episode=s07e12,s07e12
699,Seinfeld,07,13,view_episode_scripts.php?tv-show=seinfeld&episode=s07e13,s07e13
700,Seinfeld,07,14,view_episode_scripts.php?tv-show=seinfeld&episode=s07e14,s07e14
701,Seinfeld,07,16,view_episode_scripts.php?tv-show=seinfeld&episode=s07e16,s07e16
702,Seinfeld,07,17,view_episode_scripts.php?tv-show=seinfeld&episode=s07e17,s07e17
703,Seinfeld,07,18,view_episode_scripts.php?tv-show=seinfeld&episode=s07e18,s07e18
704,Seinfeld,07,19,view_episode_scripts.php?tv-show=seinfeld&episode=s07e19,s07e19
705,Seinfeld,07,20,view_episode_scripts.php?tv-show=seinfeld&episode=s07e20,s07e20
706,Seinfeld,07,21,view_episode_scripts.php?tv-show=seinfeld&episode=s07e21,s07e21
707,Seinfeld,07,23,view_episode_scripts.php?tv-show=seinfeld&episode=s07e23,s07e23
708,Seinfeld,07,24,view_episode_scripts.php?tv-show=seinfeld&episode=s07e24,s07e24
709,Seinfeld,08,01,view_episode_scripts.php?tv-show=seinfeld&episode=s08e01,s08e01
710,Seinfeld,08,02,view_episode_scripts.php?tv-show=seinfeld&episode=s08e02,s08e02
711,Seinfeld,08,03,view_episode_scripts.php?tv-show=seinfeld&episode=s08e03,s08e03
712,Seinfeld,08,04,view_episode_scripts.php?tv-show=seinfeld&episode=s08e04,s08e04
713,Seinfeld,08,05,view_episode_scripts.php?tv-show=seinfeld&episode=s08e05,s08e05
714,Seinfeld,08,06,view_episode_scripts.php?tv-show=seinfeld&episode=s08e06,s08e06
715,Seinfeld,08,07,view_episode_scripts.php?tv-show=seinfeld&episode=s08e07,s08e07
716,Seinfeld,08,08,view_episode_scripts.php?tv-show=seinfeld&episode=s08e08,s08e08
717,Seinfeld,08,09,view_episode_scripts.php?tv-show=seinfeld&episode=s08e09,s08e09
718,Seinfeld,08,10,view_episode_scripts.php?tv-show=seinfeld&episode=s08e10,s08e10
719,Seinfeld,08,11,view_episode_scripts.php?tv-show=seinfeld&episode=s08e11,s08e11
720,Seinfeld,08,12,view_episode_scripts.php?tv-show=seinfeld&episode=s08e12,s08e12
721,Seinfeld,08,13,view_episode_scripts.php?tv-show=seinfeld&episode=s08e13,s08e13
722,Seinfeld,08,14,view_episode_scripts.php?tv-show=seinfeld&episode=s08e14,s08e14
723,Seinfeld,08,15,view_episode_scripts.php?tv-show=seinfeld&episode=s08e15,s08e15
724,Seinfeld,08,16,view_episode_scripts.php?tv-show=seinfeld&episode=s08e16,s08e16
725,Seinfeld,08,17,view_episode_scripts.php?tv-show=seinfeld&episode=s08e17,s08e17
726,Seinfeld,08,18,view_episode_scripts.php?tv-show=seinfeld&episode=s08e18,s08e18
727,Seinfeld,08,19,view_episode_scripts.php?tv-show=seinfeld&episode=s08e19,s08e19
728,Seinfeld,08,20,view_episode_scripts.php?tv-show=seinfeld&episode=s08e20,s08e20
729,Seinfeld,08,21,view_episode_scripts.php?tv-show=seinfeld&episode=s08e21,s08e21
730,Seinfeld,08,22,view_episode_scripts.php?tv-show=seinfeld&episode=s08e22,s08e22
731,Seinfeld,09,01,view_episode_scripts.php?tv-show=seinfeld&episode=s09e01,s09e01
732,Seinfeld,09,02,view_episode_scripts.php?tv-show=seinfeld&episode=s09e02,s09e02
733,Seinfeld,09,03,view_episode_scripts.php?tv-show=seinfeld&episode=s09e03,s09e03
734,Seinfeld,09,04,view_episode_scripts.php?tv-show=seinfeld&episode=s09e04,s09e04
735,Seinfeld,09,05,view_episode_scripts.php?tv-show=seinfeld&episode=s09e05,s09e05
736,Seinfeld,09,06,view_episode_scripts.php?tv-show=seinfeld&episode=s09e06,s09e06
737,Seinfeld,09,07,view_episode_scripts.php?tv-show=seinfeld&episode=s09e07,s09e07
738,Seinfeld,09,08,view_episode_scripts.php?tv-show=seinfeld&episode=s09e08,s09e08
739,Seinfeld,09,09,view_episode_scripts.php?tv-show=seinfeld&episode=s09e09,s09e09
740,Seinfeld,09,10,view_episode_scripts.php?tv-show=seinfeld&episode=s09e10,s09e10
741,Seinfeld,09,11,view_episode_scripts.php?tv-show=seinfeld&episode=s09e11,s09e11
742,Seinfeld,09,12,view_episode_scripts.php?tv-show=seinfeld&episode=s09e12,s09e12
743,Seinfeld,09,13,view_episode_scripts.php?tv-show=seinfeld&episode=s09e13,s09e13
744,Seinfeld,09,14,view_episode_scripts.php?tv-show=seinfeld&episode=s09e14,s09e14
745,Seinfeld,09,15,view_episode_scripts.php?tv-show=seinfeld&episode=s09e15,s09e15
746,Seinfeld,09,16,view_episode_scripts.php?tv-show=seinfeld&episode=s09e16,s09e16
747,Seinfeld,09,17,view_episode_scripts.php?tv-show=seinfeld&episode=s09e17,s09e17
748,Seinfeld,09,18,view_episode_scripts.php?tv-show=seinfeld&episode=s09e18,s09e18
749,Seinfeld,09,19,view_episode_scripts.php?tv-show=seinfeld&episode=s09e19,s09e19
750,Seinfeld,09,20,view_episode_scripts.php?tv-show=seinfeld&episode=s09e20,s09e20
751,Seinfeld,09,21,view_episode_scripts.php?tv-show=seinfeld&episode=s09e21,s09e21
752,Seinfeld,09,23,view_episode_scripts.php?tv-show=seinfeld&episode=s09e23,s09e23
753,Saved By The Bell,01,01,view_episode_scripts.php?tv-show=saved-by-the-bell-1989&episode=s01e01,s01e01
754,Saved By The Bell,01,02,view_episode_scripts.php?tv-show=saved-by-the-bell-1989&episode=s01e02,s01e02
755,Saved By The Bell,01,03,view_episode_scripts.php?tv-show=saved-by-the-bell-1989&episode=s01e03,s01e03
756,Saved By The Bell,01,04,view_episode_scripts.php?tv-show=saved-by-the-bell-1989&episode=s01e04,s01e04
757,Saved By The Bell,01,05,view_episode_scripts.php?tv-show=saved-by-the-bell-1989&episode=s01e05,s01e05
758,Saved By The Bell,01,06,view_episode_scripts.php?tv-show=saved-by-the-bell-1989&episode=s01e06,s01e06
759,Saved By The Bell,01,07,view_episode_scripts.php?tv-show=saved-by-the-bell-1989&episode=s01e07,s01e07
760,Saved By The Bell,01,08,view_episode_scripts.php?tv-show=saved-by-the-bell-1989&episode=s01e08,s01e08
761,Saved By The Bell,01,09,view_episode_scripts.php?tv-show=saved-by-the-bell-1989&episode=s01e09,s01e09
762,Saved By The Bell,01,10,view_episode_scripts.php?tv-show=saved-by-the-bell-1989&episode=s01e10,s01e10
763,Saved By The Bell,01,11,view_episode_scripts.php?tv-show=saved-by-the-bell-1989&episode=s01e11,s01e11
764,Saved By The Bell,01,12,view_episode_scripts.php?tv-show=saved-by-the-bell-1989&episode=s01e12,s01e12
765,Saved By The Bell,01,13,view_episode_scripts.php?tv-show=saved-by-the-bell-1989&episode=s01e13,s01e13
766,Saved By The Bell,01,14,view_episode_scripts.php?tv-show=saved-by-the-bell-1989&episode=s01e14,s01e14
